{"('', 'START')": {"STOP": 0.00026136957658128593, "B-neutral": 0.19602718243596445, "B-positive": 0.09200209095661264, "O": 0.7025614218504966, "B-negative": 0.009147935180345007}, "('START', 'B-neutral')": {"I-neutral": 0.6666666666666666, "O": 0.308, "B-neutral": 0.024, "B-positive": 0.0013333333333333333}, "('B-neutral', 'I-neutral')": {"O": 0.4763240968081375, "I-neutral": 0.4966678358470712, "B-positive": 0.001052262364082778, "B-neutral": 0.017888460189407224, "STOP": 0.008067344791301298}, "('I-neutral', 'O')": {"O": 0.8345780433159073, "B-neutral": 0.10380881254667662, "STOP": 0.05227781926811053, "B-positive": 0.0074682598954443615, "B-negative": 0.0018670649738610904}, "('O', 'O')": {"B-neutral": 0.02997233713169048, "O": 0.9280257848387179, "STOP": 0.029219433376477255, "B-positive": 0.01148812696156807, "B-negative": 0.001294317691546329}, "('O', 'B-neutral')": {"O": 0.4785603199289047, "I-neutral": 0.4943345923128194, "B-positive": 0.0008886914019106865, "STOP": 0.01088646967340591, "B-neutral": 0.015329926682959343}, "('B-neutral', 'O')": {"O": 0.8290805994329689, "STOP": 0.01863102470635885, "B-neutral": 0.14135277440259214, "B-positive": 0.008910490076954233, "B-negative": 0.002025111381125962}, "('START', 'B-positive')": {"I-positive": 0.7613636363636364, "O": 0.23863636363636365}, "('B-positive', 'I-positive')": {"O": 0.4772344013490725, "I-positive": 0.5050590219224284, "STOP": 0.007588532883642495, "B-positive": 0.008431703204047217, "B-neutral": 0.0016863406408094434}, "('I-positive', 'O')": {"O": 0.8908450704225352, "B-positive": 0.07042253521126761, "STOP": 0.023767605633802816, "B-neutral": 0.014084507042253521, "B-negative": 0.0008802816901408451}, "('START', 'O')": {"O": 0.8470982142857143, "B-positive": 0.036830357142857144, "B-negative": 0.003720238095238095, "B-neutral": 0.11235119047619048}, "('O', 'B-positive')": {"I-positive": 0.5387904703726328, "O": 0.4392180818570556, "B-positive": 0.012217470983506415, "STOP": 0.007330482590103849, "B-neutral": 0.002443494196701283}, "('I-positive', 'I-positive')": {"O": 0.5224564619615032, "STOP": 0.01008249312557287, "I-positive": 0.4509624197983501, "B-neutral": 0.0036663611365719525, "B-positive": 0.011915673693858845, "B-negative": 0.0009165902841429881}, "('I-neutral', 'I-neutral')": {"O": 0.4636459430979979, "I-neutral": 0.5026343519494204, "STOP": 0.01194239550403934, "B-neutral": 0.02142606252195293, "B-positive": 0.00035124692658939234}, "('B-positive', 'O')": {"O": 0.9047619047619048, "B-positive": 0.06837606837606838, "STOP": 0.017094017094017096, "B-neutral": 0.009768009768009768}, "('O', 'B-negative')": {"I-negative": 0.34972677595628415, "O": 0.639344262295082, "STOP": 0.01092896174863388}, "('B-negative', 'I-negative')": {"O": 0.6103896103896104, "I-negative": 0.36363636363636365, "B-negative": 0.012987012987012988, "STOP": 0.012987012987012988}, "('I-negative', 'O')": {"O": 0.9166666666666666, "B-neutral": 0.041666666666666664, "B-positive": 0.013888888888888888, "B-negative": 0.027777777777777776}, "('B-negative', 'O')": {"O": 0.9219858156028369, "B-positive": 0.0070921985815602835, "B-negative": 0.04964539007092199, "B-neutral": 0.014184397163120567, "STOP": 0.0070921985815602835}, "('I-negative', 'I-negative')": {"O": 0.5952380952380952, "I-negative": 0.3333333333333333, "STOP": 0.047619047619047616, "B-neutral": 0.023809523809523808}, "('I-neutral', 'B-neutral')": {"O": 0.26785714285714285, "I-neutral": 0.6964285714285714, "B-neutral": 0.03571428571428571}, "('B-neutral', 'B-positive')": {"I-positive": 0.8, "O": 0.2}, "('I-positive', 'B-neutral')": {"I-neutral": 0.6666666666666666, "O": 0.3333333333333333}, "('I-neutral', 'B-positive')": {"I-positive": 1.0}, "('START', 'B-negative')": {"I-negative": 0.3142857142857143, "O": 0.6857142857142857}, "('I-negative', 'B-negative')": {"I-negative": 1.0}, "('B-neutral', 'B-neutral')": {"I-neutral": 0.3761467889908257, "O": 0.45871559633027525, "B-neutral": 0.1651376146788991}, "('I-positive', 'B-positive')": {"O": 0.17391304347826086, "I-positive": 0.8260869565217391}, "('B-positive', 'B-positive')": {"O": 0.55, "I-positive": 0.45}, "('B-positive', 'B-neutral')": {"O": 0.5, "I-neutral": 0.5}, "('I-positive', 'B-negative')": {"I-negative": 1.0}, "('I-negative', 'B-neutral')": {"I-neutral": 1.0}}