{"START": {"B-neutral": 0.19607843137254902, "B-positive": 0.09202614379084967, "O": 0.7027450980392157, "B-negative": 0.009150326797385621}, "B-neutral": {"I-neutral": 0.5199708188947656, "O": 0.4503009301477294, "B-positive": 0.0009119095385737735, "STOP": 0.00893671347802298, "B-neutral": 0.01987962794090826}, "I-neutral": {"O": 0.46998946998947, "I-neutral": 0.49964899964899967, "STOP": 0.010003510003510003, "B-neutral": 0.019656019656019656, "B-positive": 0.000702000702000702}, "O": {"O": 0.9219807818300939, "B-neutral": 0.0351059183227779, "STOP": 0.02871806071194584, "B-positive": 0.01276791563972171, "B-negative": 0.0014273234954606433}, "B-positive": {"I-positive": 0.5810877021068104, "O": 0.4012738853503185, "B-positive": 0.009799118079372856, "STOP": 0.005879470847623714, "B-neutral": 0.0019598236158745713}, "I-positive": {"O": 0.4989020641194554, "I-positive": 0.47913921826965306, "STOP": 0.00878348704435661, "B-neutral": 0.002635046113306983, "B-positive": 0.010101010101010102, "B-negative": 0.0004391743522178305}, "B-negative": {"I-negative": 0.35, "O": 0.6409090909090909, "STOP": 0.00909090909090909}, "I-negative": {"O": 0.6050420168067226, "I-negative": 0.35294117647058826, "B-negative": 0.008403361344537815, "STOP": 0.025210084033613446, "B-neutral": 0.008403361344537815}}