{"('', 'START')": {"STOP": 5.2932458183358036e-05, "O": 0.8560766461994495, "B-neutral": 0.07516409062036841, "B-positive": 0.04446326487402075, "B-negative": 0.02424306584797798}, "('START', 'O')": {"O": 0.9190008038088172, "B-positive": 0.02683484820379645, "B-neutral": 0.0384591603289433, "B-negative": 0.015705187658443084}, "('O', 'O')": {"O": 0.8320356897872532, "B-positive": 0.023592912112396794, "B-negative": 0.012477405981343975, "STOP": 0.06898623579893952, "B-neutral": 0.0629077563200665}, "('O', 'B-positive')": {"O": 0.5655737704918032, "I-positive": 0.3998574483250178, "STOP": 0.02744119743406985, "B-positive": 0.004989308624376337, "B-neutral": 0.0021382751247327157}, "('B-positive', 'O')": {"O": 0.8375857338820302, "STOP": 0.07956104252400549, "B-negative": 0.0035665294924554186, "B-positive": 0.060082304526748974, "B-neutral": 0.019204389574759947}, "('B-positive', 'I-positive')": {"I-positive": 0.3385945133408493, "O": 0.629086809470124, "STOP": 0.029312288613303268, "B-positive": 0.002254791431792559, "B-neutral": 0.000751597143930853}, "('I-positive', 'I-positive')": {"O": 0.5289052890528906, "I-positive": 0.44587945879458796, "B-positive": 0.004305043050430504, "STOP": 0.019065190651906518, "B-neutral": 0.0018450184501845018}, "('I-positive', 'O')": {"B-positive": 0.05564325177584846, "O": 0.7876874506708761, "STOP": 0.11799526440410418, "B-neutral": 0.03591160220994475, "B-negative": 0.0027624309392265192}, "('O', 'B-negative')": {"O": 0.665989847715736, "I-negative": 0.2890016920473773, "STOP": 0.03688663282571912, "B-negative": 0.00338409475465313, "B-neutral": 0.0040609137055837565, "B-positive": 0.0006768189509306261}, "('B-negative', 'O')": {"O": 0.886891714160456, "STOP": 0.05918456817185445, "B-negative": 0.03814116615519509, "B-neutral": 0.0131521262604121, "B-positive": 0.00263042525208242}, "('B-negative', 'I-negative')": {"I-negative": 0.22678396871945258, "O": 0.7302052785923754, "STOP": 0.03812316715542522, "B-neutral": 0.0019550342130987292, "B-negative": 0.002932551319648094}, "('I-negative', 'I-negative')": {"I-negative": 0.5350701402805611, "O": 0.4348697394789579, "STOP": 0.028056112224448898, "B-neutral": 0.002004008016032064}, "('I-negative', 'O')": {"B-neutral": 0.029045643153526972, "O": 0.8485477178423236, "B-negative": 0.04149377593360996, "STOP": 0.07365145228215768, "B-positive": 0.007261410788381743}, "('O', 'B-neutral')": {"O": 0.4985124581628858, "I-neutral": 0.4675220032230073, "B-neutral": 0.009916945580761125, "STOP": 0.02280897483575059, "B-positive": 0.0008677327383165985, "B-negative": 0.0003718854592785422}, "('B-neutral', 'O')": {"STOP": 0.1777704121091592, "O": 0.6922991934592863, "B-neutral": 0.11832946635730858, "B-negative": 0.004861341288255441, "B-positive": 0.006739586785990498}, "('START', 'B-neutral')": {"O": 0.5330985915492957, "I-neutral": 0.4042253521126761, "B-neutral": 0.05704225352112676, "B-negative": 0.0035211267605633804, "B-positive": 0.002112676056338028}, "('B-neutral', 'I-neutral')": {"O": 0.45078668130259786, "I-neutral": 0.5299426759360898, "STOP": 0.013904134650567142, "B-neutral": 0.005244542017319186, "B-positive": 0.00012196609342602757}, "('I-neutral', 'O')": {"B-positive": 0.004034291477559254, "O": 0.5707261724659607, "STOP": 0.21394351991931418, "B-neutral": 0.20902672718103882, "B-negative": 0.0022692889561270802}, "('I-neutral', 'I-neutral')": {"O": 0.49244361776331086, "I-neutral": 0.4948849104859335, "B-neutral": 0.00372006510113927, "STOP": 0.008718902580795164, "B-negative": 0.00011625203441060219, "B-positive": 0.00011625203441060219}, "('B-neutral', 'B-neutral')": {"O": 0.6074766355140186, "B-neutral": 0.23052959501557632, "I-neutral": 0.11214953271028037, "STOP": 0.040498442367601244, "B-negative": 0.006230529595015576, "B-positive": 0.003115264797507788}, "('START', 'B-positive')": {"B-neutral": 0.005952380952380952, "O": 0.5142857142857142, "I-positive": 0.4714285714285714, "B-positive": 0.008333333333333333}, "('B-positive', 'B-neutral')": {"O": 0.6666666666666666, "B-neutral": 0.16666666666666666, "I-neutral": 0.1111111111111111, "STOP": 0.05555555555555555}, "('START', 'B-negative')": {"O": 0.6200873362445415, "I-negative": 0.3624454148471616, "B-neutral": 0.004366812227074236, "B-negative": 0.013100436681222707}, "('I-positive', 'B-positive')": {"O": 0.38461538461538464, "I-positive": 0.46153846153846156, "STOP": 0.15384615384615385}, "('I-neutral', 'B-neutral')": {"O": 0.4266666666666667, "I-neutral": 0.48, "B-neutral": 0.02666666666666667, "STOP": 0.06666666666666667}, "('B-negative', 'B-neutral')": {"O": 0.6666666666666666, "I-neutral": 0.2, "STOP": 0.06666666666666667, "B-neutral": 0.06666666666666667}, "('B-neutral', 'B-positive')": {"O": 0.5555555555555556, "B-positive": 0.05555555555555555, "I-positive": 0.3333333333333333, "STOP": 0.05555555555555555}, "('B-negative', 'B-negative')": {"B-negative": 0.2, "O": 0.8}, "('B-positive', 'B-positive')": {"O": 0.48936170212765956, "B-positive": 0.23404255319148937, "STOP": 0.1276595744680851, "I-positive": 0.1276595744680851, "B-neutral": 0.02127659574468085}, "('I-positive', 'B-neutral')": {"I-neutral": 0.8, "STOP": 0.2}, "('B-neutral', 'B-negative')": {"I-negative": 0.07692307692307693, "O": 0.8461538461538461, "B-neutral": 0.07692307692307693}, "('I-negative', 'B-neutral')": {"O": 0.6666666666666666, "I-neutral": 0.3333333333333333}, "('B-negative', 'B-positive')": {"I-positive": 0.5, "O": 0.5}, "('I-negative', 'B-negative')": {"O": 0.6666666666666666, "I-negative": 0.3333333333333333}, "('I-neutral', 'B-negative')": {"I-negative": 1.0}, "('I-neutral', 'B-positive')": {"I-positive": 1.0}}