{"START": {"O": 0.8561219628394473, "B-neutral": 0.07516806945106135, "B-positive": 0.04446561854851517, "B-negative": 0.024244349160976127}, "O": {"O": 0.824268162327023, "B-positive": 0.023161274612981373, "STOP": 0.07378838717132823, "B-negative": 0.012195574925402701, "B-neutral": 0.0665866009632647}, "B-positive": {"O": 0.5578512396694215, "I-positive": 0.40725436179981633, "B-neutral": 0.0027548209366391185, "STOP": 0.02494643403734313, "B-positive": 0.007193143556779921}, "I-positive": {"I-positive": 0.37928621413575925, "O": 0.5910893398647072, "STOP": 0.025425705621646838, "B-positive": 0.0030324236062514577, "B-neutral": 0.001166316771635176}, "B-negative": {"O": 0.6611594202898551, "I-negative": 0.2965217391304348, "STOP": 0.03159420289855072, "B-neutral": 0.004347826086956522, "B-negative": 0.005797101449275362, "B-positive": 0.0005797101449275362}, "I-negative": {"I-negative": 0.3278580814717477, "O": 0.633377135348226, "STOP": 0.03482260183968462, "B-neutral": 0.0019710906701708277, "B-negative": 0.0019710906701708277}, "B-neutral": {"O": 0.503084875771219, "I-neutral": 0.45572786393196596, "B-neutral": 0.017842254460563617, "STOP": 0.021621922072147186, "B-positive": 0.0010005002501250625, "B-negative": 0.0007225835139792118}, "I-neutral": {"O": 0.4721147550741027, "I-neutral": 0.5119933337301351, "STOP": 0.01124933039700018, "B-neutral": 0.0044640199988095946, "B-negative": 5.95202666507946e-05, "B-positive": 0.0001190405333015892}}