{"('', 'START')": {"STOP": 0.000612369871402327, "O": 0.90263319044703, "B-negative": 0.04654011022657685, "B-positive": 0.04102878138395591, "B-neutral": 0.009185548071034905}, "('START', 'O')": {"O": 0.7937584803256446, "B-positive": 0.12008141112618724, "B-neutral": 0.022388059701492536, "B-negative": 0.059023066485753055, "STOP": 0.0047489823609226595}, "('O', 'O')": {"O": 0.8781931754614954, "STOP": 0.07034309155323513, "B-negative": 0.023540928584747343, "B-positive": 0.02503263099011747, "B-neutral": 0.002890173410404624}, "('O', 'B-positive')": {"I-positive": 0.12398921832884097, "STOP": 0.005390835579514825, "O": 0.8692722371967655, "B-positive": 0.0013477088948787063}, "('B-positive', 'I-positive')": {"O": 0.3645833333333333, "I-positive": 0.6145833333333334, "STOP": 0.020833333333333332}, "('I-positive', 'O')": {"O": 0.8387096774193549, "STOP": 0.15053763440860216, "B-positive": 0.010752688172043012}, "('O', 'B-negative')": {"O": 0.8347245409015025, "I-negative": 0.16193656093489148, "STOP": 0.00333889816360601}, "('B-negative', 'O')": {"O": 0.9267857142857143, "STOP": 0.0625, "B-negative": 0.010714285714285714}, "('O', 'B-neutral')": {"O": 0.7755102040816326, "I-neutral": 0.22448979591836735}, "('B-neutral', 'O')": {"O": 0.9222222222222223, "STOP": 0.044444444444444446, "B-positive": 0.022222222222222223, "B-neutral": 0.011111111111111112}, "('B-positive', 'O')": {"O": 0.8984485190409027, "STOP": 0.06346967559943582, "B-positive": 0.03526093088857546, "B-negative": 0.0014104372355430183, "B-neutral": 0.0014104372355430183}, "('START', 'B-negative')": {"O": 0.7894736842105263, "I-negative": 0.21052631578947367}, "('B-negative', 'I-negative')": {"O": 0.3274336283185841, "I-negative": 0.6637168141592921, "STOP": 0.008849557522123894}, "('I-negative', 'O')": {"O": 0.9459459459459459, "STOP": 0.05405405405405406}, "('B-neutral', 'I-neutral')": {"O": 0.2608695652173913, "I-neutral": 0.7391304347826086}, "('I-neutral', 'O')": {"O": 0.9130434782608695, "B-neutral": 0.043478260869565216, "STOP": 0.043478260869565216}, "('START', 'B-positive')": {"O": 0.9402985074626866, "I-positive": 0.05970149253731343}, "('I-positive', 'I-positive')": {"O": 0.6823529411764706, "I-positive": 0.3058823529411765, "STOP": 0.011764705882352941}, "('I-negative', 'I-negative')": {"O": 0.6166666666666667, "I-negative": 0.375, "STOP": 0.008333333333333333}, "('I-neutral', 'I-neutral')": {"O": 0.85, "I-neutral": 0.15}, "('START', 'B-neutral')": {"O": 0.9333333333333333, "I-neutral": 0.06666666666666667}, "('B-positive', 'B-positive')": {"O": 1.0}}