{"START": {"O": 0.9031862745098039, "B-negative": 0.04656862745098039, "B-positive": 0.04105392156862745, "B-neutral": 0.009191176470588236}, "O": {"O": 0.8751631853785901, "STOP": 0.06613087467362924, "B-positive": 0.03027088772845953, "B-negative": 0.02443701044386423, "B-neutral": 0.003998041775456919}, "B-positive": {"I-positive": 0.11851851851851852, "STOP": 0.0049382716049382715, "O": 0.8753086419753087, "B-positive": 0.0012345679012345679}, "I-positive": {"O": 0.5138121546961326, "I-positive": 0.4696132596685083, "STOP": 0.016574585635359115}, "B-negative": {"O": 0.8296296296296296, "I-negative": 0.1674074074074074, "STOP": 0.002962962962962963}, "B-neutral": {"O": 0.7964601769911505, "I-neutral": 0.20353982300884957}, "I-negative": {"O": 0.47639484978540775, "I-negative": 0.5150214592274678, "STOP": 0.008583690987124463}, "I-neutral": {"O": 0.5348837209302325, "I-neutral": 0.46511627906976744}}