{"START": {"O": 0.42105263157894735, "B-VP": 0.11070780399274047, "B-NP": 0.3466424682395644, "B-INTJ": 0.0544464609800363, "B-ADVP": 0.038112522686025406, "B-PP": 0.014519056261343012, "B-ADJP": 0.009074410163339383, "B-SBAR": 0.003629764065335753, "B-CONJP": 0.0018148820326678765}, "O": {"O": 0.2660885440438156, "B-INTJ": 0.06207211319032405, "B-PP": 0.019625741670470105, "B-NP": 0.30077590141487903, "STOP": 0.17526243724326793, "B-VP": 0.10406207211319032, "B-SBAR": 0.009584664536741214, "B-ADVP": 0.048379735280693746, "B-ADJP": 0.012323140118667275, "I-NP": 0.0009128251939753537, "I-INTJ": 0.00045641259698767686, "B-PRT": 0.00045641259698767686}, "B-INTJ": {"O": 0.28793774319066145, "B-NP": 0.1245136186770428, "STOP": 0.17509727626459143, "I-INTJ": 0.27626459143968873, "B-VP": 0.038910505836575876, "B-PP": 0.019455252918287938, "B-ADVP": 0.023346303501945526, "B-ADJP": 0.01556420233463035, "B-INTJ": 0.038910505836575876}, "B-PP": {"B-NP": 0.8701117318435754, "B-VP": 0.0335195530726257, "O": 0.06284916201117319, "B-ADVP": 0.0111731843575419, "B-SBAR": 0.002793296089385475, "B-PP": 0.00558659217877095, "I-PP": 0.00558659217877095, "B-INTJ": 0.002793296089385475, "B-ADJP": 0.002793296089385475, "STOP": 0.002793296089385475}, "B-NP": {"I-NP": 0.42991329479768786, "O": 0.15643063583815028, "B-PP": 0.052745664739884394, "B-VP": 0.24458092485549132, "B-NP": 0.053829479768786125, "B-ADVP": 0.028179190751445087, "B-PRT": 0.004335260115606936, "STOP": 0.012283236994219654, "I-INTJ": 0.000361271676300578, "B-INTJ": 0.004696531791907515, "B-SBAR": 0.004335260115606936, "B-ADJP": 0.008309248554913294}, "I-NP": {"O": 0.24737394957983194, "B-PP": 0.12394957983193278, "I-NP": 0.37184873949579833, "B-NP": 0.07668067226890757, "B-INTJ": 0.016281512605042018, "B-VP": 0.10714285714285714, "STOP": 0.01995798319327731, "B-SBAR": 0.003676470588235294, "B-CONJP": 0.0005252100840336134, "B-ADVP": 0.026260504201680673, "B-PRT": 0.0021008403361344537, "B-ADJP": 0.003676470588235294, "I-PP": 0.0005252100840336134}, "B-VP": {"B-PRT": 0.03240391861341371, "B-PP": 0.08967596081386586, "I-VP": 0.3119819140919367, "B-NP": 0.37829691032403917, "B-ADJP": 0.05124340617935192, "B-VP": 0.008289374529012811, "B-ADVP": 0.04973624717407687, "O": 0.059532780708364735, "B-INTJ": 0.00452147701582517, "B-SBAR": 0.00904295403165034, "STOP": 0.002260738507912585, "I-INTJ": 0.0007535795026375283, "I-NP": 0.002260738507912585}, "B-PRT": {"B-NP": 0.35294117647058826, "O": 0.2235294117647059, "B-PP": 0.27058823529411763, "B-INTJ": 0.03529411764705882, "B-ADVP": 0.058823529411764705, "STOP": 0.023529411764705882, "B-VP": 0.03529411764705882}, "I-VP": {"B-PP": 0.12026359143327842, "I-VP": 0.31795716639209226, "O": 0.07907742998352553, "B-ADJP": 0.029654036243822075, "B-NP": 0.33278418451400327, "B-INTJ": 0.006589785831960461, "B-ADVP": 0.042833607907743, "B-PRT": 0.04118616144975288, "STOP": 0.009884678747940691, "B-VP": 0.008237232289950576, "B-SBAR": 0.011532125205930808}, "B-ADJP": {"B-INTJ": 0.03773584905660377, "B-PP": 0.18238993710691823, "B-VP": 0.050314465408805034, "O": 0.24528301886792453, "I-ADJP": 0.3270440251572327, "STOP": 0.025157232704402517, "B-SBAR": 0.018867924528301886, "B-NP": 0.07547169811320754, "B-ADVP": 0.018867924528301886, "I-NP": 0.006289308176100629, "B-ADJP": 0.012578616352201259}, "B-SBAR": {"B-NP": 0.8591549295774648, "B-ADVP": 0.014084507042253521, "O": 0.07042253521126761, "I-SBAR": 0.056338028169014086}, "B-ADVP": {"B-NP": 0.32642487046632124, "B-VP": 0.22797927461139897, "O": 0.21761658031088082, "STOP": 0.010362694300518135, "I-ADVP": 0.11398963730569948, "B-ADJP": 0.0051813471502590676, "B-INTJ": 0.02072538860103627, "B-PP": 0.04922279792746114, "B-ADVP": 0.02072538860103627, "B-SBAR": 0.0051813471502590676, "I-INTJ": 0.0025906735751295338}, "I-INTJ": {"STOP": 0.2727272727272727, "I-INTJ": 0.14772727272727273, "B-VP": 0.022727272727272728, "O": 0.36363636363636365, "B-INTJ": 0.045454545454545456, "B-NP": 0.11363636363636363, "B-ADVP": 0.03409090909090909}, "B-CONJP": {"I-CONJP": 1.0}, "I-CONJP": {"B-VP": 1.0}, "I-ADVP": {"STOP": 0.0392156862745098, "O": 0.47058823529411764, "B-NP": 0.17647058823529413, "B-INTJ": 0.0392156862745098, "I-ADVP": 0.13725490196078433, "B-VP": 0.0392156862745098, "B-PP": 0.0392156862745098, "B-ADJP": 0.0196078431372549, "B-SBAR": 0.0392156862745098}, "I-ADJP": {"O": 0.3770491803278688, "B-NP": 0.11475409836065574, "B-PP": 0.14754098360655737, "B-INTJ": 0.03278688524590164, "STOP": 0.04918032786885246, "B-SBAR": 0.01639344262295082, "B-ADVP": 0.08196721311475409, "I-ADJP": 0.14754098360655737, "B-VP": 0.03278688524590164}, "I-SBAR": {"B-NP": 1.0}, "I-PP": {"I-PP": 0.16666666666666666, "B-NP": 0.8333333333333334}}